<?xml version="1.0" encoding="UTF-8"?>
<project-private xmlns="http://www.netbeans.org/ns/project-private/1">
    <editor-bookmarks xmlns="http://www.netbeans.org/ns/editor-bookmarks/2" lastBookmarkId="0"/>
    <open-files xmlns="http://www.netbeans.org/ns/projectui-open-files/2">
        <group>
            <file>file:/C:/Users/srich008/Information/Random/Corkstop/avr-ble.X/lora.c</file>
            <file>file:/C:/Users/srich008/Information/Random/Corkstop/avr-ble.X/lora.h</file>
            <file>file:/C:/Users/srich008/Information/Random/Corkstop/avr-ble.X/spi.h</file>
            <file>file:/C:/Users/srich008/Information/Random/Corkstop/avr-ble.X/main.c</file>
            <file>file:/C:/Users/srich008/Information/Random/Corkstop/avr-ble.X/spi.c</file>
        </group>
    </open-files>
</project-private>
